100000,ST_ALL - EDR Count,ST_ALL - EDR Count, 7, 100000, 100000
100001,ST_SMS - EDR Count,ST_SMS - EDR Count, 7, 100000, 100000
100002,ST_SMS_HOME - EDR Count,ST_SMS_HOME - EDR Count, 7, 100000, 100000
100003,ST_SMS_HOME_MO - EDR Count,ST_SMS_HOME_MO - EDR Count, 7, 100000, 100000
100004,ST_SMS_OTHER_OUTBOUND_ROAMERS_MO - EDR Count,ST_SMS_OTHER_OUTBOUND_ROAMERS_MO - EDR Count, 7, 100000, 100000
100005,ST_SMS_PREMIUM - EDR Count,ST_SMS_PREMIUM - EDR Count, 7, 100000, 100000
100006,ST_UNIDENT - EDR Count,ST_UNIDENT - EDR Count, 7, 100000, 100000
100011,ST_SMS_HOME_MT - EDR Count,ST_SMS_HOME_MT - EDR Count, 7, 100000, 100000
100012,ST_SMS_HUTCHINSON - EDR Count,ST_SMS_HUTCHINSON - EDR Count, 7, 100000, 100000
100013,ST_SMS_JUSTMOBILE - EDR Count,ST_SMS_JUSTMOBILE - EDR Count, 7, 100000, 100000
100014,ST_SMS_METEOR - EDR Count,ST_SMS_METEOR - EDR Count, 7, 100000, 100000
100015,ST_SMS_O2 - EDR Count,ST_SMS_O2 - EDR Count, 7, 100000, 100000
100016,ST_SMS_OTHER_DEST - EDR Count,ST_SMS_OTHER_DEST - EDR Count, 7, 100000, 100000
100017,ST_SMS_OTHER_INBOUND_ROAMERS_MO - EDR Count,ST_SMS_OTHER_INBOUND_ROAMERS_MO - EDR Count, 7, 100000, 100000
100019,ST_SMS_POSTFONE - EDR Count,ST_SMS_POSTFONE - EDR Count, 7, 100000, 100000
100021,ST_SMS_TESCO - EDR Count,ST_SMS_TESCO - EDR Count, 7, 100000, 100000
100022,ST_SMS_VODAFONE - EDR Count,ST_SMS_VODAFONE - EDR Count, 7, 100000, 100000
100025,ST_DATA_GPRS - EDR Count,ST_DATA_GPRS - EDR Count, 7, 100000, 100000
100027,ST_SMS_OTHER_INBOUND_ROAMERS_MT - EDR Count,ST_SMS_OTHER_INBOUND_ROAMERS_MT - EDR Count, 7, 100000, 100000
100029,ST_VOICE - EDR Count,ST_VOICE - EDR Count, 7, 100000, 100000
100030,ST_VOICE_INBOUND_ROAMERS_MO - EDR Count,ST_VOICE_INBOUND_ROAMERS_MO - EDR Count, 7, 100000, 100000
100031,ST_VOICE_INBOUND_ROAMERS_MT - EDR Count,ST_VOICE_INBOUND_ROAMERS_MT - EDR Count, 7, 100000, 100000
100032,ST_ALL - EDR Duration,ST_ALL - EDR Duration, 7, 100000, 100000
100033,ST_DATA_GPRS - EDR Duration,ST_DATA_GPRS - EDR Duration, 7, 100000, 100000
100034,ST_SMS_OTHER_INBOUND_ROAMERS_MO - EDR Duration,ST_SMS_OTHER_INBOUND_ROAMERS_MO - EDR Duration, 7, 100000, 100000
100035,ST_SMS_OTHER_INBOUND_ROAMERS_MT - EDR Duration,ST_SMS_OTHER_INBOUND_ROAMERS_MT - EDR Duration, 7, 100000, 100000
100036,ST_UNIDENT - EDR Duration,ST_UNIDENT - EDR Duration, 7, 100000, 100000
100037,ST_VOICE - EDR Duration,ST_VOICE - EDR Duration, 7, 100000, 100000
100038,ST_VOICE_INBOUND_ROAMERS_MO - EDR Duration,ST_VOICE_INBOUND_ROAMERS_MO - EDR Duration, 7, 100000, 100000
100039,ST_VOICE_INBOUND_ROAMERS_MT - EDR Duration,ST_VOICE_INBOUND_ROAMERS_MT - EDR Duration, 7, 100000, 100000
100042,ST_DATA_WAP - EDR Count,ST_DATA_WAP - EDR Count, 7, 100000, 100000
100044,ST_SMS_OTHER_OUTBOUND_ROAMERS_MT - EDR Count,ST_SMS_OTHER_OUTBOUND_ROAMERS_MT - EDR Count, 7, 100000, 100000
100047,ST_VOICE_OUTBOUND_POSTPAID_ROAMERS_MO - EDR Count,ST_VOICE_OUTBOUND_POSTPAID_ROAMERS_MO - EDR Count, 7, 100000, 100000
100048,ST_VOICE_OUTBOUND_POSTPAID_ROAMERS_MT - EDR Count,ST_VOICE_OUTBOUND_POSTPAID_ROAMERS_MT - EDR Count, 7, 100000, 100000
100051,ST_DATA_WAP - EDR Duration,ST_DATA_WAP - EDR Duration, 7, 100000, 100000
100052,ST_SMS_OTHER_OUTBOUND_ROAMERS_MO - EDR Duration,ST_SMS_OTHER_OUTBOUND_ROAMERS_MO - EDR Duration, 7, 100000, 100000
100053,ST_SMS_OTHER_OUTBOUND_ROAMERS_MT - EDR Duration,ST_SMS_OTHER_OUTBOUND_ROAMERS_MT - EDR Duration, 7, 100000, 100000
100056,ST_VOICE_OUTBOUND_POSTPAID_ROAMERS_MO - EDR Duration,ST_VOICE_OUTBOUND_POSTPAID_ROAMERS_MO - EDR Duration, 7, 100000, 100000
100057,ST_VOICE_OUTBOUND_POSTPAID_ROAMERS_MT - EDR Duration,ST_VOICE_OUTBOUND_POSTPAID_ROAMERS_MT - EDR Duration, 7, 100000, 100000
100065,ST_SMS_PREPAID - EDR Count,ST_SMS_PREPAID - EDR Count, 7, 100000, 100000
100070,ST_VOICE_OUTBOUND_PREPAID_ROAMERS_MO - EDR Count,ST_VOICE_OUTBOUND_PREPAID_ROAMERS_MO - EDR Count, 7, 100000, 100000
100071,ST_VOICE_OUTBOUND_PREPAID_ROAMERS_MT - EDR Count,ST_VOICE_OUTBOUND_PREPAID_ROAMERS_MT - EDR Count, 7, 100000, 100000
100072,ST_VOICE_POSTPAID - EDR Count,ST_VOICE_POSTPAID - EDR Count, 7, 100000, 100000
100073,ST_VOICE_POSTPAID_HOME - EDR Count,ST_VOICE_POSTPAID_HOME - EDR Count, 7, 100000, 100000
100074,ST_VOICE_POSTPAID_HOME_CALL_FWD - EDR Count,ST_VOICE_POSTPAID_HOME_CALL_FWD - EDR Count, 7, 100000, 100000
100075,ST_VOICE_POSTPAID_HOME_MO - EDR Count,ST_VOICE_POSTPAID_HOME_MO - EDR Count, 7, 100000, 100000
100076,ST_VOICE_PREPAID - EDR Count,ST_VOICE_PREPAID - EDR Count, 7, 100000, 100000
100077,ST_VOICE_PREPAID_HOME - EDR Count,ST_VOICE_PREPAID_HOME - EDR Count, 7, 100000, 100000
100078,ST_VOICE_PREPAID_HOME_CALL_FWD - EDR Count,ST_VOICE_PREPAID_HOME_CALL_FWD - EDR Count, 7, 100000, 100000
100079,ST_VOICE_PREPAID_HOME_MO - EDR Count,ST_VOICE_PREPAID_HOME_MO - EDR Count, 7, 100000, 100000
100081,ST_SMS - EDR Duration,ST_SMS - EDR Duration, 7, 100000, 100000
100082,ST_SMS_HOME - EDR Duration,ST_SMS_HOME - EDR Duration, 7, 100000, 100000
100083,ST_SMS_HOME_MO - EDR Duration,ST_SMS_HOME_MO - EDR Duration, 7, 100000, 100000
100084,ST_SMS_HOME_MT - EDR Duration,ST_SMS_HOME_MT - EDR Duration, 7, 100000, 100000
100087,ST_SMS_PREPAID - EDR Duration,ST_SMS_PREPAID - EDR Duration, 7, 100000, 100000
100092,ST_VOICE_OUTBOUND_PREPAID_ROAMERS_MO - EDR Duration,ST_VOICE_OUTBOUND_PREPAID_ROAMERS_MO - EDR Duration, 7, 100000, 100000
100093,ST_VOICE_OUTBOUND_PREPAID_ROAMERS_MT - EDR Duration,ST_VOICE_OUTBOUND_PREPAID_ROAMERS_MT - EDR Duration, 7, 100000, 100000
100094,ST_VOICE_POSTPAID - EDR Duration,ST_VOICE_POSTPAID - EDR Duration, 7, 100000, 100000
100095,ST_VOICE_POSTPAID_HOME - EDR Duration,ST_VOICE_POSTPAID_HOME - EDR Duration, 7, 100000, 100000
100096,ST_VOICE_POSTPAID_HOME_CALL_FWD - EDR Duration,ST_VOICE_POSTPAID_HOME_CALL_FWD - EDR Duration, 7, 100000, 100000
100097,ST_VOICE_POSTPAID_HOME_MO - EDR Duration,ST_VOICE_POSTPAID_HOME_MO - EDR Duration, 7, 100000, 100000
100098,ST_VOICE_PREPAID - EDR Duration,ST_VOICE_PREPAID - EDR Duration, 7, 100000, 100000
100099,ST_VOICE_PREPAID_HOME - EDR Duration,ST_VOICE_PREPAID_HOME - EDR Duration, 7, 100000, 100000
100100,ST_VOICE_PREPAID_HOME_CALL_FWD - EDR Duration,ST_VOICE_PREPAID_HOME_CALL_FWD - EDR Duration, 7, 100000, 100000
100101,ST_VOICE_PREPAID_HOME_MO - EDR Duration,ST_VOICE_PREPAID_HOME_MO - EDR Duration, 7, 100000, 100000
100102,ST_ALL - EDR Value,ST_ALL - EDR Value, 7, 100000, 100000
100103,ST_SMS - EDR Value,ST_SMS - EDR Value, 7, 100000, 100000
100104,ST_SMS_HOME - EDR Value,ST_SMS_HOME - EDR Value, 7, 100000, 100000
100105,ST_SMS_HOME_MO - EDR Value,ST_SMS_HOME_MO - EDR Value, 7, 100000, 100000
100106,ST_SMS_HOME_MT - EDR Value,ST_SMS_HOME_MT - EDR Value, 7, 100000, 100000
100107,ST_SMS_OTHER_INBOUND_ROAMERS_MO - EDR Value,ST_SMS_OTHER_INBOUND_ROAMERS_MO - EDR Value, 7, 100000, 100000
100108,ST_SMS_OTHER_INBOUND_ROAMERS_MT - EDR Value,ST_SMS_OTHER_INBOUND_ROAMERS_MT - EDR Value, 7, 100000, 100000
100109,ST_SMS_PREPAID - EDR Value,ST_SMS_PREPAID - EDR Value, 7, 100000, 100000
100110,ST_UNIDENT - EDR Value,ST_UNIDENT - EDR Value, 7, 100000, 100000
100111,ST_VOICE - EDR Value,ST_VOICE - EDR Value, 7, 100000, 100000
100112,ST_VOICE_INBOUND_ROAMERS_MO - EDR Value,ST_VOICE_INBOUND_ROAMERS_MO - EDR Value, 7, 100000, 100000
100113,ST_VOICE_INBOUND_ROAMERS_MT - EDR Value,ST_VOICE_INBOUND_ROAMERS_MT - EDR Value, 7, 100000, 100000
100114,ST_VOICE_OUTBOUND_PREPAID_ROAMERS_MO - EDR Value,ST_VOICE_OUTBOUND_PREPAID_ROAMERS_MO - EDR Value, 7, 100000, 100000
100115,ST_VOICE_OUTBOUND_PREPAID_ROAMERS_MT - EDR Value,ST_VOICE_OUTBOUND_PREPAID_ROAMERS_MT - EDR Value, 7, 100000, 100000
100116,ST_VOICE_POSTPAID - EDR Value,ST_VOICE_POSTPAID - EDR Value, 7, 100000, 100000
100117,ST_VOICE_POSTPAID_HOME - EDR Value,ST_VOICE_POSTPAID_HOME - EDR Value, 7, 100000, 100000
100118,ST_VOICE_POSTPAID_HOME_CALL_FWD - EDR Value,ST_VOICE_POSTPAID_HOME_CALL_FWD - EDR Value, 7, 100000, 100000
100119,ST_VOICE_POSTPAID_HOME_MO - EDR Value,ST_VOICE_POSTPAID_HOME_MO - EDR Value, 7, 100000, 100000
100120,ST_VOICE_PREPAID - EDR Value,ST_VOICE_PREPAID - EDR Value, 7, 100000, 100000
100121,ST_VOICE_PREPAID_HOME - EDR Value,ST_VOICE_PREPAID_HOME - EDR Value, 7, 100000, 100000
100122,ST_VOICE_PREPAID_HOME_CALL_FWD - EDR Value,ST_VOICE_PREPAID_HOME_CALL_FWD - EDR Value, 7, 100000, 100000
100123,ST_VOICE_PREPAID_HOME_MO - EDR Value,ST_VOICE_PREPAID_HOME_MO - EDR Value, 7, 100000, 100000
100179,ST_DATA_WAP_POSTPAID - EDR Count,ST_DATA_WAP_POSTPAID - EDR Count, 7, 100000, 100000
100181,ST_ALL - EDR Bytes,ST_ALL - EDR Bytes, 7, 100000, 100000
100182,ST_DATA_WAP_POSTPAID - EDR Bytes,ST_DATA_WAP_POSTPAID - EDR Bytes, 7, 100000, 100000
100183,ST_UNIDENT - EDR Bytes,ST_UNIDENT - EDR Bytes, 7, 100000, 100000
100199,ST_CONTENT_POSTPAID - EDR Count,ST_CONTENT_POSTPAID - EDR Count, 7, 100000, 100000
100202,ST_CONTENT_POSTPAID - EDR Value,ST_CONTENT_POSTPAID - EDR Value, 7, 100000, 100000
100206,ST_CONTENT_PREPAID - EDR Count,ST_CONTENT_PREPAID - EDR Count, 7, 100000, 100000
100210,ST_CONTENT_PREPAID - EDR Value,ST_CONTENT_PREPAID - EDR Value, 7, 100000, 100000
100212,ST_DATA_GPRS_PREPAID - EDR Count,ST_DATA_GPRS_PREPAID - EDR Count, 7, 100000, 100000
100213,ST_DATA_WAP_PREPAID - EDR Count,ST_DATA_WAP_PREPAID - EDR Count, 7, 100000, 100000
100215,ST_DATA_GPRS_PREPAID - EDR Bytes,ST_DATA_GPRS_PREPAID - EDR Bytes, 7, 100000, 100000
100216,ST_DATA_WAP_PREPAID - EDR Bytes,ST_DATA_WAP_PREPAID - EDR Bytes, 7, 100000, 100000
100222,ST_MMS_POSTPAID_HOME_MO - EDR Count,ST_MMS_POSTPAID_HOME_MO - EDR Count, 7, 100000, 100000
100223,ST_MMS_PREPAID_HOME_MO - EDR Count,ST_MMS_PREPAID_HOME_MO - EDR Count, 7, 100000, 100000
100240,MSOriginating - EDR Count,MSOriginating - EDR Count, 7, 100000, 100000
100241,GSM_Comp21 - EDR Count,GSM_Comp21 - EDR Count, 7, 100000, 100000
100242,GSM_Comp1 - EDR Count,GSM_Comp1 - EDR Count, 7, 100000, 100000
100243,GSM_Comp13 - EDR Count,GSM_Comp13 - EDR Count, 7, 100000, 100000
100244,GSM_Comp7 - EDR Count,GSM_Comp7 - EDR Count, 7, 100000, 100000
100245,GSM_Comp9 - EDR Count,GSM_Comp9 - EDR Count, 7, 100000, 100000
100246,SMSMOC - EDR Count,SMSMOC - EDR Count, 7, 100000, 100000
100247,SMSMTC - EDR Count,SMSMTC - EDR Count, 7, 100000, 100000
100248,Transit - EDR Count,Transit - EDR Count, 7, 100000, 100000
100251,ST_DATA_GPRS_POSTPAID_STRIP - EDR Count,ST_DATA_GPRS_POSTPAID_STRIP - EDR Count, 7, 100000, 100000
100252,ST_DATA_GPRS_PREPAID_STRIP - EDR Count,ST_DATA_GPRS_PREPAID_STRIP - EDR Count, 7, 100000, 100000
100253,ST_DATA_WAP_POSTPAID_STRIP - EDR Count,ST_DATA_WAP_POSTPAID_STRIP - EDR Count, 7, 100000, 100000
100254,ST_DATA_WAP_PREPAID_STRIP - EDR Count,ST_DATA_WAP_PREPAID_STRIP - EDR Count, 7, 100000, 100000
100257,ST_DATA_GPRS_POSTPAID_STRIP - EDR Bytes,ST_DATA_GPRS_POSTPAID_STRIP - EDR Bytes, 7, 100000, 100000
100258,ST_DATA_GPRS_PREPAID_STRIP - EDR Bytes,ST_DATA_GPRS_PREPAID_STRIP - EDR Bytes, 7, 100000, 100000
100259,ST_DATA_WAP_POSTPAID_STRIP - EDR Bytes,ST_DATA_WAP_POSTPAID_STRIP - EDR Bytes, 7, 100000, 100000
100260,ST_DATA_WAP_PREPAID_STRIP - EDR Bytes,ST_DATA_WAP_PREPAID_STRIP - EDR Bytes, 7, 100000, 100000
100264,ST_DATA_GPRS_POSTPAID - EDR Count,ST_DATA_GPRS_POSTPAID - EDR Count, 7, 100000, 100000
100271,ST_DATA_GPRS - EDR Bytes,ST_DATA_GPRS - EDR Bytes, 7, 100000, 100000
100272,ST_DATA_GPRS_POSTPAID - EDR Bytes,ST_DATA_GPRS_POSTPAID - EDR Bytes, 7, 100000, 100000
100274,ST_DATA_WAP - EDR Bytes,ST_DATA_WAP - EDR Bytes, 7, 100000, 100000
100323,ST_CONTENT_POSTPAID - EDR Duration,ST_CONTENT_POSTPAID - EDR Duration, 7, 100000, 100000
100325,ST_DATA_GPRS_POSTPAID - EDR Duration,ST_DATA_GPRS_POSTPAID - EDR Duration, 7, 100000, 100000
100327,ST_DATA_WAP_POSTPAID - EDR Duration,ST_DATA_WAP_POSTPAID - EDR Duration, 7, 100000, 100000
100328,ST_MMS_POSTPAID_HOME_MO - EDR Duration,ST_MMS_POSTPAID_HOME_MO - EDR Duration, 7, 100000, 100000
100333,ST_SMS_HUTCHINSON - EDR Duration,ST_SMS_HUTCHINSON - EDR Duration, 7, 100000, 100000
100334,ST_SMS_JUSTMOBILE - EDR Duration,ST_SMS_JUSTMOBILE - EDR Duration, 7, 100000, 100000
100335,ST_SMS_METEOR - EDR Duration,ST_SMS_METEOR - EDR Duration, 7, 100000, 100000
100336,ST_SMS_O2 - EDR Duration,ST_SMS_O2 - EDR Duration, 7, 100000, 100000
100337,ST_SMS_OTHER_DEST - EDR Duration,ST_SMS_OTHER_DEST - EDR Duration, 7, 100000, 100000
100339,ST_SMS_POSTFONE - EDR Duration,ST_SMS_POSTFONE - EDR Duration, 7, 100000, 100000
100340,ST_SMS_PREMIUM - EDR Duration,ST_SMS_PREMIUM - EDR Duration, 7, 100000, 100000
100341,ST_SMS_TESCO - EDR Duration,ST_SMS_TESCO - EDR Duration, 7, 100000, 100000
100342,ST_SMS_VODAFONE - EDR Duration,ST_SMS_VODAFONE - EDR Duration, 7, 100000, 100000
100352,ST_CONTENT_POSTPAID - EDR Bytes,ST_CONTENT_POSTPAID - EDR Bytes, 7, 100000, 100000
100357,ST_MMS_POSTPAID_HOME_MO - EDR Bytes,ST_MMS_POSTPAID_HOME_MO - EDR Bytes, 7, 100000, 100000
100358,ST_SMS - EDR Bytes,ST_SMS - EDR Bytes, 7, 100000, 100000
100359,ST_SMS_HOME - EDR Bytes,ST_SMS_HOME - EDR Bytes, 7, 100000, 100000
100360,ST_SMS_HOME_MO - EDR Bytes,ST_SMS_HOME_MO - EDR Bytes, 7, 100000, 100000
100361,ST_SMS_HOME_MT - EDR Bytes,ST_SMS_HOME_MT - EDR Bytes, 7, 100000, 100000
100362,ST_SMS_HUTCHINSON - EDR Bytes,ST_SMS_HUTCHINSON - EDR Bytes, 7, 100000, 100000
100363,ST_SMS_JUSTMOBILE - EDR Bytes,ST_SMS_JUSTMOBILE - EDR Bytes, 7, 100000, 100000
100364,ST_SMS_METEOR - EDR Bytes,ST_SMS_METEOR - EDR Bytes, 7, 100000, 100000
100365,ST_SMS_O2 - EDR Bytes,ST_SMS_O2 - EDR Bytes, 7, 100000, 100000
100366,ST_SMS_OTHER_DEST - EDR Bytes,ST_SMS_OTHER_DEST - EDR Bytes, 7, 100000, 100000
100367,ST_SMS_OTHER_OUTBOUND_ROAMERS_MO - EDR Bytes,ST_SMS_OTHER_OUTBOUND_ROAMERS_MO - EDR Bytes, 7, 100000, 100000
100368,ST_SMS_POSTFONE - EDR Bytes,ST_SMS_POSTFONE - EDR Bytes, 7, 100000, 100000
100369,ST_SMS_PREMIUM - EDR Bytes,ST_SMS_PREMIUM - EDR Bytes, 7, 100000, 100000
100370,ST_SMS_TESCO - EDR Bytes,ST_SMS_TESCO - EDR Bytes, 7, 100000, 100000
100371,ST_SMS_VODAFONE - EDR Bytes,ST_SMS_VODAFONE - EDR Bytes, 7, 100000, 100000
100373,ST_VOICE - EDR Bytes,ST_VOICE - EDR Bytes, 7, 100000, 100000
100374,ST_VOICE_OUTBOUND_POSTPAID_ROAMERS_MO - EDR Bytes,ST_VOICE_OUTBOUND_POSTPAID_ROAMERS_MO - EDR Bytes, 7, 100000, 100000
100375,ST_VOICE_OUTBOUND_POSTPAID_ROAMERS_MT - EDR Bytes,ST_VOICE_OUTBOUND_POSTPAID_ROAMERS_MT - EDR Bytes, 7, 100000, 100000
100376,ST_VOICE_POSTPAID - EDR Bytes,ST_VOICE_POSTPAID - EDR Bytes, 7, 100000, 100000
100377,ST_VOICE_POSTPAID_HOME - EDR Bytes,ST_VOICE_POSTPAID_HOME - EDR Bytes, 7, 100000, 100000
100378,ST_VOICE_POSTPAID_HOME_CALL_FWD - EDR Bytes,ST_VOICE_POSTPAID_HOME_CALL_FWD - EDR Bytes, 7, 100000, 100000
100379,ST_VOICE_POSTPAID_HOME_MO - EDR Bytes,ST_VOICE_POSTPAID_HOME_MO - EDR Bytes, 7, 100000, 100000
100382,ST_DATA_GPRS - EDR Value,ST_DATA_GPRS - EDR Value, 7, 100000, 100000
100383,ST_DATA_GPRS_POSTPAID - EDR Value,ST_DATA_GPRS_POSTPAID - EDR Value, 7, 100000, 100000
100384,ST_DATA_WAP - EDR Value,ST_DATA_WAP - EDR Value, 7, 100000, 100000
100385,ST_DATA_WAP_POSTPAID - EDR Value,ST_DATA_WAP_POSTPAID - EDR Value, 7, 100000, 100000
100386,ST_MMS_POSTPAID_HOME_MO - EDR Value,ST_MMS_POSTPAID_HOME_MO - EDR Value, 7, 100000, 100000
100391,ST_SMS_HUTCHINSON - EDR Value,ST_SMS_HUTCHINSON - EDR Value, 7, 100000, 100000
100392,ST_SMS_JUSTMOBILE - EDR Value,ST_SMS_JUSTMOBILE - EDR Value, 7, 100000, 100000
100393,ST_SMS_METEOR - EDR Value,ST_SMS_METEOR - EDR Value, 7, 100000, 100000
100394,ST_SMS_O2 - EDR Value,ST_SMS_O2 - EDR Value, 7, 100000, 100000
100395,ST_SMS_OTHER_DEST - EDR Value,ST_SMS_OTHER_DEST - EDR Value, 7, 100000, 100000
100396,ST_SMS_OTHER_OUTBOUND_ROAMERS_MO - EDR Value,ST_SMS_OTHER_OUTBOUND_ROAMERS_MO - EDR Value, 7, 100000, 100000
100397,ST_SMS_POSTFONE - EDR Value,ST_SMS_POSTFONE - EDR Value, 7, 100000, 100000
100398,ST_SMS_PREMIUM - EDR Value,ST_SMS_PREMIUM - EDR Value, 7, 100000, 100000
100399,ST_SMS_TESCO - EDR Value,ST_SMS_TESCO - EDR Value, 7, 100000, 100000
100400,ST_SMS_VODAFONE - EDR Value,ST_SMS_VODAFONE - EDR Value, 7, 100000, 100000
100403,ST_VOICE_OUTBOUND_POSTPAID_ROAMERS_MO - EDR Value,ST_VOICE_OUTBOUND_POSTPAID_ROAMERS_MO - EDR Value, 7, 100000, 100000
100404,ST_VOICE_OUTBOUND_POSTPAID_ROAMERS_MT - EDR Value,ST_VOICE_OUTBOUND_POSTPAID_ROAMERS_MT - EDR Value, 7, 100000, 100000
100417,ST_SMS_PREMIUM_MO_PREPAID - EDR Count,ST_SMS_PREMIUM_MO_PREPAID - EDR Count, 7, 100000, 100000
100418,ST_SMS_PREMIUM_MT_PREPAID - EDR Count,ST_SMS_PREMIUM_MT_PREPAID - EDR Count, 7, 100000, 100000
100419,ST_SMS_ROAMING_MO_PREPAID - EDR Count,ST_SMS_ROAMING_MO_PREPAID - EDR Count, 7, 100000, 100000
100422,ST_SMS_PREMIUM_MO_PREPAID - EDR Value,ST_SMS_PREMIUM_MO_PREPAID - EDR Value, 7, 100000, 100000
100423,ST_SMS_PREMIUM_MT_PREPAID - EDR Value,ST_SMS_PREMIUM_MT_PREPAID - EDR Value, 7, 100000, 100000
100424,ST_SMS_ROAMING_MO_PREPAID - EDR Value,ST_SMS_ROAMING_MO_PREPAID - EDR Value, 7, 100000, 100000
100437,ST_ONXP_VOICE_POSTPAID - EDR Bytes,ST_ONXP_VOICE_POSTPAID - EDR Bytes,7,100000,100000
100425,ST_ONXP_VOICE_POSTPAID - EDR Count,ST_ONXP_VOICE_POSTPAID - EDR Count,7,100000,100000
100429,ST_ONXP_VOICE_POSTPAID - EDR Duration,ST_ONXP_VOICE_POSTPAID - EDR Duration,7,100000,100000
100433,ST_ONXP_VOICE_POSTPAID - EDR Value,ST_ONXP_VOICE_POSTPAID - EDR Value,7,100000,100000
100438,ST_ONXP_VOICE_POSTPAID_HOME - EDR Bytes,ST_ONXP_VOICE_POSTPAID_HOME - EDR Bytes,7,100000,100000
100426,ST_ONXP_VOICE_POSTPAID_HOME - EDR Count,ST_ONXP_VOICE_POSTPAID_HOME - EDR Count,7,100000,100000
100430,ST_ONXP_VOICE_POSTPAID_HOME - EDR Duration,ST_ONXP_VOICE_POSTPAID_HOME - EDR Duration,7,100000,100000
100434,ST_ONXP_VOICE_POSTPAID_HOME - EDR Value,ST_ONXP_VOICE_POSTPAID_HOME - EDR Value,7,100000,100000
100439,ST_ONXP_VOICE_POSTPAID_HOME_CALL_FWD - EDR Bytes,ST_ONXP_VOICE_POSTPAID_HOME_CALL_FWD - EDR Bytes,7,100000,100000
100427,ST_ONXP_VOICE_POSTPAID_HOME_CALL_FWD - EDR Count,ST_ONXP_VOICE_POSTPAID_HOME_CALL_FWD - EDR Count,7,100000,100000
100431,ST_ONXP_VOICE_POSTPAID_HOME_CALL_FWD - EDR Duration,ST_ONXP_VOICE_POSTPAID_HOME_CALL_FWD - EDR Duration,7,100000,100000
100435,ST_ONXP_VOICE_POSTPAID_HOME_CALL_FWD - EDR Value,ST_ONXP_VOICE_POSTPAID_HOME_CALL_FWD - EDR Value,7,100000,100000
100440,ST_ONXP_VOICE_POSTPAID_HOME_MO - EDR Bytes,ST_ONXP_VOICE_POSTPAID_HOME_MO - EDR Bytes,7,100000,100000
100428,ST_ONXP_VOICE_POSTPAID_HOME_MO - EDR Count,ST_ONXP_VOICE_POSTPAID_HOME_MO - EDR Count,7,100000,100000
100432,ST_ONXP_VOICE_POSTPAID_HOME_MO - EDR Duration,ST_ONXP_VOICE_POSTPAID_HOME_MO - EDR Duration,7,100000,100000
100436,ST_ONXP_VOICE_POSTPAID_HOME_MO - EDR Value,ST_ONXP_VOICE_POSTPAID_HOME_MO - EDR Value,7,100000,100000
100441,ST_DATA_2G - EDR Count,ST_DATA_2G - EDR Count,7,100000,100000
100442,ST_DATA_2G - EDR Bytes,ST_DATA_2G - EDR Bytes,7,100000,100000
100443,ST_DATA_2G - EDR Duration,ST_DATA_2G - EDR Duration,7,100000,100000
100444,ST_DATA_2G - EDR Value,ST_DATA_2G - EDR Value,7,100000,100000
100445,ST_DATA_3G - EDR Count,ST_DATA_3G - EDR Count,7,100000,100000
100446,ST_DATA_3G - EDR Bytes,ST_DATA_3G - EDR Bytes,7,100000,100000
100447,ST_DATA_3G - EDR Duration,ST_DATA_3G - EDR Duration,7,100000,100000
100448,ST_DATA_3G - EDR Value,ST_DATA_3G - EDR Value,7,100000,100000
100449,ST_DATA_4G - EDR Count,ST_DATA_4G - EDR Count,7,100000,100000
100450,ST_DATA_4G - EDR Bytes,ST_DATA_4G - EDR Bytes,7,100000,100000
100451,ST_DATA_4G - EDR Duration,ST_DATA_4G - EDR Duration,7,100000,100000
100452,ST_DATA_4G - EDR Value,ST_DATA_4G - EDR Value,7,100000,100000
100453,ST_DATA_2G_PREPAID - EDR Count,ST_DATA_2G_PREPAID - EDR Count,7,100000,100000
100454,ST_DATA_2G_PREPAID - EDR Bytes,ST_DATA_2G_PREPAID - EDR Bytes,7,100000,100000
100455,ST_DATA_2G_PREPAID - EDR Duration,ST_DATA_2G_PREPAID - EDR Duration,7,100000,100000
100456,ST_DATA_2G_PREPAID - EDR Value,ST_DATA_2G_PREPAID - EDR Value,7,100000,100000
100457,ST_DATA_2G_POSTPAID - EDR Count,ST_DATA_2G_POSTPAID - EDR Count,7,100000,100000
100458,ST_DATA_2G_POSTPAID - EDR Bytes,ST_DATA_2G_POSTPAID - EDR Bytes,7,100000,100000
100459,ST_DATA_2G_POSTPAID - EDR Duration,ST_DATA_2G_POSTPAID - EDR Duration,7,100000,100000
100460,ST_DATA_2G_POSTPAID - EDR Value,ST_DATA_2G_POSTPAID - EDR Value,7,100000,100000
100461,ST_DATA_3G_PREPAID - EDR Count,ST_DATA_3G_PREPAID - EDR Count,7,100000,100000
100462,ST_DATA_3G_PREPAID - EDR Bytes,ST_DATA_3G_PREPAID - EDR Bytes,7,100000,100000
100463,ST_DATA_3G_PREPAID - EDR Duration,ST_DATA_3G_PREPAID - EDR Duration,7,100000,100000
100464,ST_DATA_3G_PREPAID - EDR Value,ST_DATA_3G_PREPAID - EDR Value,7,100000,100000
100465,ST_DATA_3G_POSTPAID - EDR Count,ST_DATA_3G_POSTPAID - EDR Count,7,100000,100000
100466,ST_DATA_3G_POSTPAID - EDR Bytes,ST_DATA_3G_POSTPAID - EDR Bytes,7,100000,100000
100467,ST_DATA_3G_POSTPAID - EDR Duration,ST_DATA_3G_POSTPAID - EDR Duration,7,100000,100000
100468,ST_DATA_3G_POSTPAID - EDR Value,ST_DATA_3G_POSTPAID - EDR Value,7,100000,100000
100469,ST_DATA_4G_PREPAID - EDR Count,ST_DATA_4G_PREPAID - EDR Count,7,100000,100000
100470,ST_DATA_4G_PREPAID - EDR Bytes,ST_DATA_4G_PREPAID - EDR Bytes,7,100000,100000
100471,ST_DATA_4G_PREPAID - EDR Duration,ST_DATA_4G_PREPAID - EDR Duration,7,100000,100000
100472,ST_DATA_4G_PREPAID - EDR Value,ST_DATA_4G_PREPAID - EDR Value,7,100000,100000
100473,ST_DATA_4G_POSTPAID - EDR Count,ST_DATA_4G_POSTPAID - EDR Count,7,100000,100000
100474,ST_DATA_4G_POSTPAID - EDR Bytes,ST_DATA_4G_POSTPAID - EDR Bytes,7,100000,100000
100475,ST_DATA_4G_POSTPAID - EDR Duration,ST_DATA_4G_POSTPAID - EDR Duration,7,100000,100000
100476,ST_DATA_4G_POSTPAID - EDR Value,ST_DATA_4G_POSTPAID - EDR Value,7,100000,100000
100500,ST_ITC_MMS - EDR Bytes,ST_ITC_MMS - EDR Bytes,7,100000,100000
100501,ST_ITC_MMS_IN - EDR Value,ST_ITC_MMS_IN - EDR Value,7,100000,100000
100502,ST_ITC_MMS_OUT -  EDR Value,ST_ITC_MMS_OUT -  EDR Value,7,100000,100000
100503,ST_ITC_MMS_OUT - EDR Bytes,ST_ITC_MMS_OUT - EDR Bytes,7,100000,100000
100504,ST_ITC_MMS_OUT - EDR Count,ST_ITC_MMS_OUT - EDR Count,7,100000,100000
100505,ST_ITC_MMS_IN - EDR Bytes,ST_ITC_MMS_IN - EDR Bytes,7,100000,100000
100506,ST_ITC_MMS_IN - EDR Count,ST_ITC_MMS_IN - EDR Count,7,100000,100000
100507,ST_ITC_SMS_OUT - EDR Count,ST_ITC_SMS_OUT - EDR Count,7,100000,100000
100508,ST_ITC_SMS_OUT - EDR Value,ST_ITC_SMS_OUT - EDR Value,7,100000,100000
100509,ST_ITC_VOICE_OUT - EDR Count,ST_ITC_VOICE_OUT - EDR Count,7,100000,100000
100510,ST_ITC_VOICE_OUT - EDR Duration,ST_ITC_VOICE_OUT - EDR Duration,7,100000,100000
100511,ST_ITC_VOICE_OUT- EDR Value,ST_ITC_VOICE_OUT- EDR Value,7,100000,100000
100512,ST_VOICE_POSTPAID_HOME_MO_FREE - EDR Bytes,ST_VOICE_POSTPAID_HOME_MO_FREE - EDR Bytes,7,100000,100000
100513,ST_VOICE_POSTPAID_HOME_MO_FREE - EDR Count,ST_VOICE_POSTPAID_HOME_MO_FREE - EDR Count,7,100000,100000
100514,ST_VOICE_POSTPAID_HOME_MO_FREE - EDR Value,ST_VOICE_POSTPAID_HOME_MO_FREE - EDR Value,7,100000,100000
100515,ST_VOICE_POSTPAID_HOME_MO_FREE - EDR Duration,ST_VOICE_POSTPAID_HOME_MO_FREE - EDR Duration,7,100000,100000
100516,ST_VOICE_POSTPAID_HOME_MO_FREE - EDR Bytes (Absolute),ST_VOICE_POSTPAID_HOME_MO_FREE - EDR Bytes (Absolute),7,100000,100000
100517,ST_VOICE_POSTPAID_HOME_MO_FREE - EDR Count (Absolute),ST_VOICE_POSTPAID_HOME_MO_FREE - EDR Count (Absolute),7,100000,100000
100518,ST_VOICE_POSTPAID_HOME_MO_FREE - EDR Value (Absolute),ST_VOICE_POSTPAID_HOME_MO_FREE - EDR Value (Absolute),7,100000,100000
100519,ST_VOICE_POSTPAID_HOME_MO_FREE - EDR Duration (Absolute),ST_VOICE_POSTPAID_HOME_MO_FREE - EDR Duration (Absolute),7,100000,100000
100520,ST_ITC_VOICE_IN - EDR Duration,ST_ITC_VOICE_IN - EDR Duration,7,100000,100000
100521,ST_ITC_VOICE_IN - EDR Value,ST_ITC_VOICE_IN - EDR Value,7,100000,100000
100527,ST_ITC_SMS_IN - EDR Count,ST_ITC_SMS_IN - EDR Count,7,100000,100000
100528,ST_ITC_SMS_IN - EDR Value,ST_ITC_SMS_IN - EDR Value,7,100000,100000
100529,ST_ITC_VOICE_IN - EDR Count,ST_ITC_VOICE_IN - EDR Count,7,100000,100000
100530,ST_ITC_NOROUTE - EDR Count,ST_ITC_NOROUTE - EDR Count,7,100000,100000
100531,ST_MMS_POSTPAID - EDR Count,ST_MMS_POSTPAID - EDR Count,7,100000,100000
100532,ST_MMS_PREPAID - EDR Count,ST_MMS_PREPAID - EDR Count,7,100000,100000
100533,ST_MMS - EDR Count,ST_MMS - EDR Count,7,100000,100000
100534,ST_DATA_GPRS_OUTBOUND_ROAMERS - EDR Bytes,ST_DATA_GPRS_OUTBOUND_ROAMERS - EDR Bytes,7,100000,100000
100535,ST_DATA_WAP_OUTBOUND_ROAMERS - EDR Bytes,ST_DATA_WAP_OUTBOUND_ROAMERS - EDR Bytes,7,100000,100000
100550,ST_SMS_OUTBOUND_POSTPAID_ROAMERS_MO_ARP - EDR Count,ST_SMS_OUTBOUND_POSTPAID_ROAMERS_MO - EDR Count,7,100000,100000
100551,ST_SMS_OUTBOUND_POSTPAID_ROAMERS_MO - EDR Count,ST_SMS_OUTBOUND_POSTPAID_ROAMERS_MO - EDR Count,7,100000,100000
100552,ST_SMS_OUTBOUND_POSTPAID_ROAMERS_MO - EDR Value,ST_SMS_OUTBOUND_POSTPAID_ROAMERS_MO - EDR Value,7,100000,100000
100553,ST_DATA_2G_ARP - EDR Count,ST_DATA_2G_ARP - EDR Count,7,100000,100000
100554,ST_DATA_2G_OUTBOUND_ROAMERS - EDR Bytes,ST_DATA_2G_OUTBOUND_ROAMERS - EDR Bytes,7,100000,100000
100555,ST_DATA_2G_OUTBOUND_ROAMERS - EDR Count,ST_DATA_2G_OUTBOUND_ROAMERS - EDR Count,7,100000,100000
100556,ST_DATA_2G_OUTBOUND_ROAMERS_ARP - EDR Bytes,ST_DATA_2G_OUTBOUND_ROAMERS_ARP - EDR Bytes,7,100000,100000
100557,ST_DATA_2G_OUTBOUND_ROAMERS_ARP - EDR Count,ST_DATA_2G_OUTBOUND_ROAMERS_ARP - EDR Count,7,100000,100000
100558,ST_DATA_3G_ARP - EDR Count,ST_DATA_3G_ARP - EDR Count,7,100000,100000
100559,ST_DATA_3G_OUTBOUND_ROAMERS - EDR Bytes,ST_DATA_3G_OUTBOUND_ROAMERS - EDR Bytes,7,100000,100000
100560,ST_DATA_3G_OUTBOUND_ROAMERS - EDR Count,ST_DATA_3G_OUTBOUND_ROAMERS - EDR Count,7,100000,100000
100561,ST_DATA_3G_OUTBOUND_ROAMERS_ARP - EDR Bytes,ST_DATA_3G_OUTBOUND_ROAMERS_ARP - EDR Bytes,7,100000,100000
100562,ST_DATA_3G_OUTBOUND_ROAMERS_ARP - EDR Count,ST_DATA_3G_OUTBOUND_ROAMERS_ARP - EDR Count,7,100000,100000
100563,ST_DATA_4G_ARP - EDR Count,ST_DATA_4G_ARP - EDR Count,7,100000,100000
100564,ST_DATA_4G_OUTBOUND_ROAMERS - EDR Bytes,ST_DATA_4G_OUTBOUND_ROAMERS - EDR Bytes,7,100000,100000
100565,ST_DATA_4G_OUTBOUND_ROAMERS - EDR Count,ST_DATA_4G_OUTBOUND_ROAMERS - EDR Count,7,100000,100000
100566,ST_DATA_4G_OUTBOUND_ROAMERS_ARP - EDR Bytes,ST_DATA_4G_OUTBOUND_ROAMERS_ARP - EDR Bytes,7,100000,100000
100567,ST_DATA_4G_OUTBOUND_ROAMERS_ARP - EDR Count,ST_DATA_4G_OUTBOUND_ROAMERS_ARP - EDR Count,7,100000,100000
100568,ST_DATA_GPRS_ARP - EDR Count,ST_DATA_GPRS_ARP - EDR Count,7,100000,100000
100569,ST_DATA_GPRS_OUTBOUND_ROAMERS - EDR Count,ST_DATA_GPRS_OUTBOUND_ROAMERS - EDR Count,7,100000,100000
100570,ST_DATA_GPRS_OUTBOUND_ROAMERS_ARP - EDR Bytes,ST_DATA_GPRS_OUTBOUND_ROAMERS_ARP - EDR Bytes,7,100000,100000
100571,ST_DATA_GPRS_OUTBOUND_ROAMERS_ARP - EDR Count,ST_DATA_GPRS_OUTBOUND_ROAMERS_ARP - EDR Count,7,100000,100000
100572,ST_DATA_WAP_ARP - EDR Count,ST_DATA_WAP_ARP - EDR Count,7,100000,100000
100573,ST_DATA_WAP_OUTBOUND_ROAMERS - EDR Count,ST_DATA_WAP_OUTBOUND_ROAMERS - EDR Count,7,100000,100000
100574,ST_DATA_WAP_OUTBOUND_ROAMERS_ARP - EDR Bytes,ST_DATA_WAP_OUTBOUND_ROAMERS_ARP - EDR Bytes,7,100000,100000
100575,ST_DATA_WAP_OUTBOUND_ROAMERS_ARP - EDR Count,ST_DATA_WAP_OUTBOUND_ROAMERS_ARP - EDR Count,7,100000,100000
100576,ST_MMS_POSTPAID - EDR Bytes,ST_MMS_POSTPAID - EDR Bytes,7,100000,100000
100577,ST_MMS_POSTPAID_ARP - EDR Count,ST_MMS_POSTPAID_ARP - EDR Count,7,100000,100000
100578,ST_MMS_POSTPAID_HOME_MO_ARP - EDR Count,ST_MMS_POSTPAID_HOME_MO_ARP - EDR Count,7,100000,100000
100579,ST_MMS_PREPAID - EDR Bytes,ST_MMS_PREPAID - EDR Bytes,7,100000,100000
100580,ST_MMS_PREPAID_ARP - EDR Count,ST_MMS_PREPAID_ARP - EDR Count,7,100000,100000
100581,ST_MMS_PREPAID_HOME_MO_ARP - EDR Count,ST_MMS_PREPAID_HOME_MO_ARP - EDR Count,7,100000,100000
100582,ST_VOICE_OUTBOUND_POSTPAID_ROAMERS_MT_ARP - EDR Count,ST_VOICE_OUTBOUND_POSTPAID_ROAMERS_MT_ARP - EDR Count,7,100000,100000
100583,ST_VOICE_OUTBOUND_POSTPAID_ROAMERS_MT_ARP - EDR Duration,ST_VOICE_OUTBOUND_POSTPAID_ROAMERS_MT_ARP - EDR Duration,7,100000,100000
100584,ST_VOICE_OUTBOUND_PREPAID_ROAMERS_MT_ARP - EDR Count,ST_VOICE_OUTBOUND_PREPAID_ROAMERS_MT_ARP - EDR Count,7,100000,100000
100585,ST_VOICE_OUTBOUND_PREPAID_ROAMERS_MT_ARP - EDR Duration,ST_VOICE_OUTBOUND_PREPAID_ROAMERS_MT_ARP - EDR Duration,7,100000,100000
100535,ST_DATA_WAP_OUTBOUND_ROAMERS - EDR Bytes,ST_DATA_WAP_OUTBOUND_ROAMERS - EDR Bytes,7,100000,100000
100631,ST_MMS_POSTPAID - EDR Count (Daily),ST_MMS_POSTPAID - EDR Count (Daily),7,100000,100000
100632,ST_MMS_PREPAID - EDR Count (Daily),ST_MMS_PREPAID - EDR Count (Daily),7,100000,100000
100633,ST_MMS - EDR Count (Daily),ST_MMS - EDR Count (Daily),7,100000,100000
100634,ST_DATA_GPRS_OUTBOUND_ROAMERS - EDR Bytes (Daily),ST_DATA_GPRS_OUTBOUND_ROAMERS - EDR Bytes (Daily),7,100000,100000
100635,ST_DATA_WAP_OUTBOUND_ROAMERS - EDR Bytes (Daily),ST_DATA_WAP_OUTBOUND_ROAMERS - EDR Bytes (Daily),7,100000,100000
100650,ST_SMS_OUTBOUND_POSTPAID_ROAMERS_MO_ARP - EDR Count (Daily),ST_SMS_OUTBOUND_POSTPAID_ROAMERS_MO_ARP - EDR Count (Daily),7,100000,100000
100651,ST_SMS_OUTBOUND_POSTPAID_ROAMERS_MO - EDR Count (Daily),ST_SMS_OUTBOUND_POSTPAID_ROAMERS_MO - EDR Count (Daily),7,100000,100000
100652,ST_SMS_OUTBOUND_POSTPAID_ROAMERS_MO - EDR Value (Daily),ST_SMS_OUTBOUND_POSTPAID_ROAMERS_MO - EDR Value (Daily),7,100000,100000
100653,ST_DATA_2G_ARP - EDR Count (Daily),ST_DATA_2G_ARP - EDR Count (Daily),7,100000,100000
100654,ST_DATA_2G_OUTBOUND_ROAMERS - EDR Bytes (Daily),ST_DATA_2G_OUTBOUND_ROAMERS - EDR Bytes (Daily),7,100000,100000
100655,ST_DATA_2G_OUTBOUND_ROAMERS - EDR Count (Daily),ST_DATA_2G_OUTBOUND_ROAMERS - EDR Count (Daily),7,100000,100000
100656,ST_DATA_2G_OUTBOUND_ROAMERS_ARP - EDR Bytes (Daily),ST_DATA_2G_OUTBOUND_ROAMERS_ARP - EDR Bytes (Daily),7,100000,100000
100657,ST_DATA_2G_OUTBOUND_ROAMERS_ARP - EDR Count (Daily),ST_DATA_2G_OUTBOUND_ROAMERS_ARP - EDR Count (Daily),7,100000,100000
100658,ST_DATA_3G_ARP - EDR Count (Daily),ST_DATA_3G_ARP - EDR Count (Daily),7,100000,100000
100659,ST_DATA_3G_OUTBOUND_ROAMERS - EDR Bytes (Daily),ST_DATA_3G_OUTBOUND_ROAMERS - EDR Bytes (Daily),7,100000,100000
100660,ST_DATA_3G_OUTBOUND_ROAMERS - EDR Count (Daily),ST_DATA_3G_OUTBOUND_ROAMERS - EDR Count (Daily),7,100000,100000
100661,ST_DATA_3G_OUTBOUND_ROAMERS_ARP - EDR Bytes (Daily),ST_DATA_3G_OUTBOUND_ROAMERS_ARP - EDR Bytes (Daily),7,100000,100000
100662,ST_DATA_3G_OUTBOUND_ROAMERS_ARP - EDR Count (Daily),ST_DATA_3G_OUTBOUND_ROAMERS_ARP - EDR Count (Daily),7,100000,100000
100663,ST_DATA_4G_ARP - EDR Count (Daily),ST_DATA_4G_ARP - EDR Count (Daily),7,100000,100000
100664,ST_DATA_4G_OUTBOUND_ROAMERS - EDR Bytes (Daily),ST_DATA_4G_OUTBOUND_ROAMERS - EDR Bytes (Daily),7,100000,100000
100665,ST_DATA_4G_OUTBOUND_ROAMERS - EDR Count (Daily),ST_DATA_4G_OUTBOUND_ROAMERS - EDR Count (Daily),7,100000,100000
100666,ST_DATA_4G_OUTBOUND_ROAMERS_ARP - EDR Bytes (Daily),ST_DATA_4G_OUTBOUND_ROAMERS_ARP - EDR Bytes (Daily),7,100000,100000
100667,ST_DATA_4G_OUTBOUND_ROAMERS_ARP - EDR Count (Daily),ST_DATA_4G_OUTBOUND_ROAMERS_ARP - EDR Count (Daily),7,100000,100000
100668,ST_DATA_GPRS_ARP - EDR Count (Daily),ST_DATA_GPRS_ARP - EDR Count (Daily),7,100000,100000
100669,ST_DATA_GPRS_OUTBOUND_ROAMERS - EDR Count (Daily),ST_DATA_GPRS_OUTBOUND_ROAMERS - EDR Count (Daily),7,100000,100000
100670,ST_DATA_GPRS_OUTBOUND_ROAMERS_ARP - EDR Bytes (Daily),ST_DATA_GPRS_OUTBOUND_ROAMERS_ARP - EDR Bytes (Daily),7,100000,100000
100671,ST_DATA_GPRS_OUTBOUND_ROAMERS_ARP - EDR Count (Daily),ST_DATA_GPRS_OUTBOUND_ROAMERS_ARP - EDR Count (Daily),7,100000,100000
100672,ST_DATA_WAP_ARP - EDR Count (Daily),ST_DATA_WAP_ARP - EDR Count (Daily),7,100000,100000
100673,ST_DATA_WAP_OUTBOUND_ROAMERS - EDR Count (Daily),ST_DATA_WAP_OUTBOUND_ROAMERS - EDR Count (Daily),7,100000,100000
100674,ST_DATA_WAP_OUTBOUND_ROAMERS_ARP - EDR Bytes (Daily),ST_DATA_WAP_OUTBOUND_ROAMERS_ARP - EDR Bytes (Daily),7,100000,100000
100675,ST_DATA_WAP_OUTBOUND_ROAMERS_ARP - EDR Count (Daily),ST_DATA_WAP_OUTBOUND_ROAMERS_ARP - EDR Count (Daily),7,100000,100000
100676,ST_MMS_POSTPAID - EDR Bytes (Daily),ST_MMS_POSTPAID - EDR Bytes (Daily),7,100000,100000
100677,ST_MMS_POSTPAID_ARP - EDR Count (Daily),ST_MMS_POSTPAID_ARP - EDR Count (Daily),7,100000,100000
100678,ST_MMS_POSTPAID_HOME_MO_ARP - EDR Count (Daily),ST_MMS_POSTPAID_HOME_MO_ARP - EDR Count (Daily),7,100000,100000
100679,ST_MMS_PREPAID - EDR Bytes (Daily),ST_MMS_PREPAID - EDR Bytes (Daily),7,100000,100000
100680,ST_MMS_PREPAID_ARP - EDR Count (Daily),ST_MMS_PREPAID_ARP - EDR Count (Daily),7,100000,100000
100681,ST_MMS_PREPAID_HOME_MO_ARP - EDR Count (Daily),ST_MMS_PREPAID_HOME_MO_ARP - EDR Count (Daily),7,100000,100000
100682,ST_VOICE_OUTBOUND_POSTPAID_ROAMERS_MT_ARP - EDR Count (Daily),ST_VOICE_OUTBOUND_POSTPAID_ROAMERS_MT_ARP - EDR Count (Daily),7,100000,100000
100683,ST_VOICE_OUTBOUND_POSTPAID_ROAMERS_MT_ARP - EDR Duration (Daily),ST_VOICE_OUTBOUND_POSTPAID_ROAMERS_MT_ARP - EDR Duration (Daily),7,100000,100000
100684,ST_VOICE_OUTBOUND_PREPAID_ROAMERS_MT_ARP - EDR Count (Daily),ST_VOICE_OUTBOUND_PREPAID_ROAMERS_MT_ARP - EDR Count (Daily),7,100000,100000
100685,ST_VOICE_OUTBOUND_PREPAID_ROAMERS_MT_ARP - EDR Duration (Daily),ST_VOICE_OUTBOUND_PREPAID_ROAMERS_MT_ARP - EDR Duration (Daily),7,100000,100000
100686,ST_MMS_PREPAID_HOME_MO - EDR Bytes (Daily),ST_MMS_PREPAID_HOME_MO - EDR Bytes (Daily),7,100000,100000
100747,ST_VOICE_OUTBOUND_POSTPAID_ROAMERS_MO - EDR Count (Daily),ST_VOICE_OUTBOUND_POSTPAID_ROAMERS_MO - EDR Count (Daily),7,100000,100000
100748,ST_VOICE_OUTBOUND_POSTPAID_ROAMERS_MT - EDR Count (Daily),ST_VOICE_OUTBOUND_POSTPAID_ROAMERS_MT - EDR Count (Daily),7,100000,100000
100756,ST_VOICE_OUTBOUND_POSTPAID_ROAMERS_MO - EDR Duration (Daily),ST_VOICE_OUTBOUND_POSTPAID_ROAMERS_MO - EDR Duration (Daily),7,100000,100000
100757,ST_VOICE_OUTBOUND_POSTPAID_ROAMERS_MT - EDR Duration (Daily),ST_VOICE_OUTBOUND_POSTPAID_ROAMERS_MT - EDR Duration (Daily),7,100000,100000
100923,ST_MMS_PREPAID_HOME_MO - EDR Count (Daily),ST_MMS_PREPAID_HOME_MO - EDR Count (Daily),7,100000,100000
101057,ST_MMS_POSTPAID_HOME_MO - EDR Bytes (Daily),ST_MMS_POSTPAID_HOME_MO - EDR Bytes (Daily),7,100000,100000
100800,ST_AGG_SUCCESS - EDR Count (Daily),ST_AGG_SUCCESS - EDR Count (Daily),7,100000,100000
100801,ST_AGG_FAILED - EDR Count (Daily),ST_AGG_FAILED - EDR Count (Daily),7,100000,100000
100802,ST_AGG_REJECTED - EDR Count (Daily),ST_AGG_REJECTED - EDR Count (Daily),7,100000,100000
102001,ST_DATA_PARTNERS - EDR Bytes,ST_DATA_PARTNERS - EDR Bytes,7,100000,100000
102002,ST_DATA_PARTNERS - EDR Bytes (Daily),ST_DATA_PARTNERS - EDR Bytes (Daily),7,100000,100000
102003,ST_DATA_PARTNERS - EDR Count,ST_DATA_PARTNERS - EDR Count,7,100000,100000
102004,ST_DATA_PARTNERS - EDR Count (Daily),ST_DATA_PARTNERS - EDR Count (Daily),7,100000,100000
102005,ST_DISCARDED - EDR Count,ST_DISCARDED - EDR Count,7,100000,100000
102006,ST_DISCARDED - EDR Count (Daily),ST_DISCARDED - EDR Count (Daily),7,100000,100000
102007,ST_SMS - EDR Count (Daily),ST_SMS - EDR Count (Daily),7,100000,100000
102008,ST_SMS - EDR Value (Daily),ST_SMS - EDR Value (Daily),7,100000,100000
102009,ST_SUSPENSE - EDR Count,ST_SUSPENSE - EDR Count,7,100000,100000
102010,ST_SUSPENSE - EDR Count (Daily),ST_SUSPENSE - EDR Count (Daily),7,100000,100000
102011,ST_VOICE - EDR Count (Daily),ST_VOICE - EDR Count (Daily),7,100000,100000
102012,ST_VOICE - EDR Duration (Daily),ST_VOICE - EDR Duration (Daily),7,100000,100000
102013,ST_VOICE - EDR Value (Daily),ST_VOICE - EDR Value (Daily),7,100000,100000
102014,ST_VOICE_AGED - EDR Count,ST_VOICE_AGED - EDR Count,7,100000,100000
102015,ST_VOICE_AGED - EDR Count (Daily),ST_VOICE_AGED - EDR Count (Daily),7,100000,100000
102016,ST_VOICE_ANCILIARY - EDR Count,ST_VOICE_ANCILIARY - EDR Count,7,100000,100000
102017,ST_VOICE_ANCILIARY - EDR Count (Daily),ST_VOICE_ANCILIARY - EDR Count (Daily),7,100000,100000
102018,ST_VOICE_ANCILIARY - EDR Duration,ST_VOICE_ANCILIARY - EDR Duration,7,100000,100000
102019,ST_VOICE_ANCILIARY - EDR Duration (Daily),ST_VOICE_ANCILIARY - EDR Duration (Daily),7,100000,100000
102020,ST_VOICE_ANCILIARY - EDR Value,ST_VOICE_ANCILIARY - EDR Value,7,100000,100000
102021,ST_VOICE_ANCILIARY - EDR Value (Daily),ST_VOICE_ANCILIARY - EDR Value (Daily),7,100000,100000
102028,ST_VOICE_DISCARDED - EDR Count,ST_VOICE_DISCARDED - EDR Count,7,100000,100000
102029,ST_VOICE_DISCARDED - EDR Count (Daily),ST_VOICE_DISCARDED - EDR Count (Daily),7,100000,100000
102030,ST_VOICE_DOM - EDR Count,ST_VOICE_DOM - EDR Count,7,100000,100000
102031,ST_VOICE_DOM - EDR Count (Daily),ST_VOICE_DOM - EDR Count (Daily),7,100000,100000
102032,ST_VOICE_DOM - EDR Duration,ST_VOICE_DOM - EDR Duration,7,100000,100000
102033,ST_VOICE_DOM - EDR Duration (Daily),ST_VOICE_DOM - EDR Duration (Daily),7,100000,100000
102034,ST_VOICE_DOM - EDR Value,ST_VOICE_DOM - EDR Value,7,100000,100000
102035,ST_VOICE_DOM - EDR Value (Daily),ST_VOICE_DOM - EDR Value (Daily),7,100000,100000
102036,ST_VOICE_DQ - EDR Count,ST_VOICE_DQ - EDR Count,7,100000,100000
102037,ST_VOICE_DQ - EDR Count (Daily),ST_VOICE_DQ - EDR Count (Daily),7,100000,100000
102038,ST_VOICE_DQ - EDR Duration,ST_VOICE_DQ - EDR Duration,7,100000,100000
102039,ST_VOICE_DQ - EDR Duration (Daily),ST_VOICE_DQ - EDR Duration (Daily),7,100000,100000
102040,ST_VOICE_DQ - EDR Value,ST_VOICE_DQ - EDR Value,7,100000,100000
102041,ST_VOICE_DQ - EDR Value (Daily),ST_VOICE_DQ - EDR Value (Daily),7,100000,100000
102042,ST_VOICE_EXPIRING - EDR Count,ST_VOICE_EXPIRING - EDR Count,7,100000,100000
102043,ST_VOICE_EXPIRING - EDR Count (Daily),ST_VOICE_EXPIRING - EDR Count (Daily),7,100000,100000
102044,ST_VOICE_FO - EDR Count,ST_VOICE_FO - EDR Count,7,100000,100000
102045,ST_VOICE_FO - EDR Count (Daily),ST_VOICE_FO - EDR Count (Daily),7,100000,100000
102046,ST_VOICE_FO - EDR Duration,ST_VOICE_FO - EDR Duration,7,100000,100000
102047,ST_VOICE_FO - EDR Duration (Daily),ST_VOICE_FO - EDR Duration (Daily),7,100000,100000
102048,ST_VOICE_FO - EDR Value,ST_VOICE_FO - EDR Value,7,100000,100000
102049,ST_VOICE_FO - EDR Value (Daily),ST_VOICE_FO - EDR Value (Daily),7,100000,100000
102050,ST_VOICE_FT - EDR Count,ST_VOICE_FT - EDR Count,7,100000,100000
102051,ST_VOICE_FT - EDR Count (Daily),ST_VOICE_FT - EDR Count (Daily),7,100000,100000
102052,ST_VOICE_FT - EDR Duration,ST_VOICE_FT - EDR Duration,7,100000,100000
102053,ST_VOICE_FT - EDR Duration (Daily),ST_VOICE_FT - EDR Duration (Daily),7,100000,100000
102054,ST_VOICE_FT - EDR Value,ST_VOICE_FT - EDR Value,7,100000,100000
102055,ST_VOICE_FT - EDR Value (Daily),ST_VOICE_FT - EDR Value (Daily),7,100000,100000
102056,ST_VOICE_INBOUND - EDR Count,ST_VOICE_INBOUND - EDR Count,7,100000,100000
102057,ST_VOICE_INBOUND - EDR Count (Daily),ST_VOICE_INBOUND - EDR Count (Daily),7,100000,100000
102058,ST_VOICE_INBOUND - EDR Duration,ST_VOICE_INBOUND - EDR Duration,7,100000,100000
102059,ST_VOICE_INBOUND - EDR Duration (Daily),ST_VOICE_INBOUND - EDR Duration (Daily),7,100000,100000
102060,ST_VOICE_INBOUND - EDR Value,ST_VOICE_INBOUND - EDR Value,7,100000,100000
102061,ST_VOICE_INBOUND - EDR Value (Daily),ST_VOICE_INBOUND - EDR Value (Daily),7,100000,100000
102062,ST_VOICE_INTERNET - EDR Count,ST_VOICE_INTERNET - EDR Count,7,100000,100000
102063,ST_VOICE_INTERNET - EDR Count (Daily),ST_VOICE_INTERNET - EDR Count (Daily),7,100000,100000
102064,ST_VOICE_INTERNET - EDR Duration,ST_VOICE_INTERNET - EDR Duration,7,100000,100000
102065,ST_VOICE_INTERNET - EDR Duration (Daily),ST_VOICE_INTERNET - EDR Duration (Daily),7,100000,100000
102066,ST_VOICE_INTERNET - EDR Value,ST_VOICE_INTERNET - EDR Value,7,100000,100000
102067,ST_VOICE_INTERNET - EDR Value (Daily),ST_VOICE_INTERNET - EDR Value (Daily),7,100000,100000
102068,ST_VOICE_INTL - EDR Count,ST_VOICE_INTL - EDR Count,7,100000,100000
102069,ST_VOICE_INTL - EDR Count (Daily),ST_VOICE_INTL - EDR Count (Daily),7,100000,100000
102070,ST_VOICE_INTL - EDR Duration,ST_VOICE_INTL - EDR Duration,7,100000,100000
102071,ST_VOICE_INTL - EDR Duration (Daily),ST_VOICE_INTL - EDR Duration (Daily),7,100000,100000
102072,ST_VOICE_INTL - EDR Value,ST_VOICE_INTL - EDR Value,7,100000,100000
102073,ST_VOICE_INTL - EDR Value (Daily),ST_VOICE_INTL - EDR Value (Daily),7,100000,100000
102074,ST_VOICE_INTL_FREE - EDR Count,ST_VOICE_INTL_FREE - EDR Count,7,100000,100000
102075,ST_VOICE_INTL_FREE - EDR Count (Daily),ST_VOICE_INTL_FREE - EDR Count (Daily),7,100000,100000
102076,ST_VOICE_INTL_FREE - EDR Duration,ST_VOICE_INTL_FREE - EDR Duration,7,100000,100000
102077,ST_VOICE_INTL_FREE - EDR Duration (Daily),ST_VOICE_INTL_FREE - EDR Duration (Daily),7,100000,100000
102078,ST_VOICE_IN_BUNDLE - EDR Count,ST_VOICE_IN_BUNDLE - EDR Count,7,100000,100000
102079,ST_VOICE_IN_BUNDLE - EDR Count (Daily),ST_VOICE_IN_BUNDLE - EDR Count (Daily),7,100000,100000
102080,ST_VOICE_IN_BUNDLE - EDR Duration,ST_VOICE_IN_BUNDLE - EDR Duration,7,100000,100000
102081,ST_VOICE_IN_BUNDLE - EDR Duration (Daily),ST_VOICE_IN_BUNDLE - EDR Duration (Daily),7,100000,100000
102082,ST_VOICE_IN_BUNDLE - EDR Value,ST_VOICE_IN_BUNDLE - EDR Value,7,100000,100000
102083,ST_VOICE_IN_BUNDLE - EDR Value (Daily),ST_VOICE_IN_BUNDLE - EDR Value (Daily),7,100000,100000
102084,ST_VOICE_LOW_CALL - EDR Count,ST_VOICE_LOW_CALL - EDR Count,7,100000,100000
102085,ST_VOICE_LOW_CALL - EDR Count (Daily),ST_VOICE_LOW_CALL - EDR Count (Daily),7,100000,100000
102086,ST_VOICE_LOW_CALL - EDR Duration,ST_VOICE_LOW_CALL - EDR Duration,7,100000,100000
102087,ST_VOICE_LOW_CALL - EDR Duration (Daily),ST_VOICE_LOW_CALL - EDR Duration (Daily),7,100000,100000
102088,ST_VOICE_LOW_CALL - EDR Value,ST_VOICE_LOW_CALL - EDR Value,7,100000,100000
102089,ST_VOICE_LOW_CALL - EDR Value (Daily),ST_VOICE_LOW_CALL - EDR Value (Daily),7,100000,100000
102090,ST_VOICE_MT - EDR Count,ST_VOICE_MT - EDR Count,7,100000,100000
102091,ST_VOICE_MT - EDR Count (Daily),ST_VOICE_MT - EDR Count (Daily),7,100000,100000
102092,ST_VOICE_MT - EDR Duration,ST_VOICE_MT - EDR Duration,7,100000,100000
102093,ST_VOICE_MT - EDR Duration (Daily),ST_VOICE_MT - EDR Duration (Daily),7,100000,100000
102094,ST_VOICE_MT - EDR Value,ST_VOICE_MT - EDR Value,7,100000,100000
102095,ST_VOICE_MT - EDR Value (Daily),ST_VOICE_MT - EDR Value (Daily),7,100000,100000
102096,ST_VOICE_MT_INTL - EDR Count,ST_VOICE_MT_INTL - EDR Count,7,100000,100000
102097,ST_VOICE_MT_INTL - EDR Count (Daily),ST_VOICE_MT_INTL - EDR Count (Daily),7,100000,100000
102098,ST_VOICE_MT_INTL - EDR Duration,ST_VOICE_MT_INTL - EDR Duration,7,100000,100000
102099,ST_VOICE_MT_INTL - EDR Duration (Daily),ST_VOICE_MT_INTL - EDR Duration (Daily),7,100000,100000
102100,ST_VOICE_MT_INTL - EDR Value,ST_VOICE_MT_INTL - EDR Value,7,100000,100000
102101,ST_VOICE_MT_INTL - EDR Value (Daily),ST_VOICE_MT_INTL - EDR Value (Daily),7,100000,100000
102102,ST_VOICE_NGN - EDR Count,ST_VOICE_NGN - EDR Count,7,100000,100000
102103,ST_VOICE_NGN - EDR Count (Daily),ST_VOICE_NGN - EDR Count (Daily),7,100000,100000
102104,ST_VOICE_NGN - EDR Duration,ST_VOICE_NGN - EDR Duration,7,100000,100000
102105,ST_VOICE_NGN - EDR Duration (Daily),ST_VOICE_NGN - EDR Duration (Daily),7,100000,100000
102106,ST_VOICE_NGN - EDR Value,ST_VOICE_NGN - EDR Value,7,100000,100000
102107,ST_VOICE_NGN - EDR Value (Daily),ST_VOICE_NGN - EDR Value (Daily),7,100000,100000
102108,ST_VOICE_OUT_BUNDLE - EDR Count,ST_VOICE_OUT_BUNDLE - EDR Count,7,100000,100000
102109,ST_VOICE_OUT_BUNDLE - EDR Count (Daily),ST_VOICE_OUT_BUNDLE - EDR Count (Daily),7,100000,100000
102110,ST_VOICE_OUT_BUNDLE - EDR Duration,ST_VOICE_OUT_BUNDLE - EDR Duration,7,100000,100000
102111,ST_VOICE_OUT_BUNDLE - EDR Duration (Daily),ST_VOICE_OUT_BUNDLE - EDR Duration (Daily),7,100000,100000
102112,ST_VOICE_OUT_BUNDLE - EDR Value,ST_VOICE_OUT_BUNDLE - EDR Value,7,100000,100000
102113,ST_VOICE_OUT_BUNDLE - EDR Value (Daily),ST_VOICE_OUT_BUNDLE - EDR Value (Daily),7,100000,100000
102114,ST_VOICE_PARTNERS - EDR Count,ST_VOICE_PARTNERS - EDR Count,7,100000,100000
102115,ST_VOICE_PARTNERS - EDR Count (Daily),ST_VOICE_PARTNERS - EDR Count (Daily),7,100000,100000
102116,ST_VOICE_PARTNERS - EDR Duration,ST_VOICE_PARTNERS - EDR Duration,7,100000,100000
102117,ST_VOICE_PARTNERS - EDR Duration (Daily),ST_VOICE_PARTNERS - EDR Duration (Daily),7,100000,100000
102118,ST_VOICE_PREMIUM - EDR Count,ST_VOICE_PREMIUM - EDR Count,7,100000,100000
102119,ST_VOICE_PREMIUM - EDR Count (Daily),ST_VOICE_PREMIUM - EDR Count (Daily),7,100000,100000
102120,ST_VOICE_PREMIUM - EDR Duration,ST_VOICE_PREMIUM - EDR Duration,7,100000,100000
102121,ST_VOICE_PREMIUM - EDR Duration (Daily),ST_VOICE_PREMIUM - EDR Duration (Daily),7,100000,100000
102122,ST_VOICE_PREMIUM - EDR Value,ST_VOICE_PREMIUM - EDR Value,7,100000,100000
102123,ST_VOICE_PREMIUM - EDR Value (Daily),ST_VOICE_PREMIUM - EDR Value (Daily),7,100000,100000
102124,ST_VOICE_PREMIUM_INTL - EDR Count,ST_VOICE_PREMIUM_INTL - EDR Count,7,100000,100000
102125,ST_VOICE_PREMIUM_INTL - EDR Count (Daily),ST_VOICE_PREMIUM_INTL - EDR Count (Daily),7,100000,100000
102126,ST_VOICE_PREMIUM_INTL - EDR Duration,ST_VOICE_PREMIUM_INTL - EDR Duration,7,100000,100000
102127,ST_VOICE_PREMIUM_INTL - EDR Duration (Daily),ST_VOICE_PREMIUM_INTL - EDR Duration (Daily),7,100000,100000
102128,ST_VOICE_PREMIUM_INTL - EDR Value,ST_VOICE_PREMIUM_INTL - EDR Value,7,100000,100000
102129,ST_VOICE_PREMIUM_INTL - EDR Value (Daily),ST_VOICE_PREMIUM_INTL - EDR Value (Daily),7,100000,100000
102130,ST_VOICE_PROMOTIONAL - EDR Count,ST_VOICE_PROMOTIONAL - EDR Count,7,100000,100000
102131,ST_VOICE_PROMOTIONAL - EDR Count (Daily),ST_VOICE_PROMOTIONAL - EDR Count (Daily),7,100000,100000
102132,ST_VOICE_PROMOTIONAL - EDR Duration,ST_VOICE_PROMOTIONAL - EDR Duration,7,100000,100000
102133,ST_VOICE_PROMOTIONAL - EDR Duration (Daily),ST_VOICE_PROMOTIONAL - EDR Duration (Daily),7,100000,100000
102134,ST_VOICE_PROMOTIONAL - EDR Value,ST_VOICE_PROMOTIONAL - EDR Value,7,100000,100000
102135,ST_VOICE_PROMOTIONAL - EDR Value (Daily),ST_VOICE_PROMOTIONAL - EDR Value (Daily),7,100000,100000
102136,ST_VOICE_SUSPENSE - EDR Count,ST_VOICE_SUSPENSE - EDR Count,7,100000,100000
102137,ST_VOICE_SUSPENSE - EDR Count (Daily),ST_VOICE_SUSPENSE - EDR Count (Daily),7,100000,100000
102138,ST_VOICE_SUSPENSE - EDR Duration,ST_VOICE_SUSPENSE - EDR Duration,7,100000,100000
102139,ST_VOICE_SUSPENSE - EDR Duration (Daily),ST_VOICE_SUSPENSE - EDR Duration (Daily),7,100000,100000
102140,ST_VOICE_VOIP - EDR Count,ST_VOICE_VOIP - EDR Count,7,100000,100000
102141,ST_VOICE_VOIP - EDR Count (Daily),ST_VOICE_VOIP - EDR Count (Daily),7,100000,100000
102142,ST_VOICE_VOIP - EDR Duration,ST_VOICE_VOIP - EDR Duration,7,100000,100000
102143,ST_VOICE_VOIP - EDR Duration (Daily),ST_VOICE_VOIP - EDR Duration (Daily),7,100000,100000
102144,ST_VOICE_VOIP - EDR Value,ST_VOICE_VOIP - EDR Value,7,100000,100000
102145,ST_VOICE_VOIP - EDR Value (Daily),ST_VOICE_VOIP - EDR Value (Daily),7,100000,100000
102146,ST_DATA_PARTNERS - EDR Count (Daily) (Absolute),ST_DATA_PARTNERS - EDR Count (Daily) (Absolute),7,100000,100000
102147,ST_VOICE_PARTNERS - EDR Count (Daily) (Absolute),ST_VOICE_PARTNERS - EDR Count (Daily) (Absolute),7,100000,100000
102331,ST_DATA_IN_BUNDLE - EDR Bytes,ST_DATA_IN_BUNDLE - EDR Bytes,7,100000,100000
102332,ST_DATA_IN_BUNDLE - EDR Bytes (Daily),ST_DATA_IN_BUNDLE - EDR Bytes (Daily),7,100000,100000
102333,ST_DATA_IN_BUNDLE - EDR Count,ST_DATA_IN_BUNDLE - EDR Count,7,100000,100000
102334,ST_DATA_IN_BUNDLE - EDR Count (Daily),ST_DATA_IN_BUNDLE - EDR Count (Daily),7,100000,100000
102335,ST_DATA_IN_BUNDLE - EDR Value,ST_DATA_IN_BUNDLE - EDR Value,7,100000,100000
102336,ST_DATA_IN_BUNDLE - EDR Value (Daily),ST_DATA_IN_BUNDLE - EDR Value (Daily),7,100000,100000
102337,ST_DATA_OUT_BUNDLE - EDR Bytes,ST_DATA_OUT_BUNDLE - EDR Bytes,7,100000,100000
102338,ST_DATA_OUT_BUNDLE - EDR Bytes (Daily),ST_DATA_OUT_BUNDLE - EDR Bytes (Daily),7,100000,100000
102339,ST_DATA_OUT_BUNDLE - EDR Count,ST_DATA_OUT_BUNDLE - EDR Count,7,100000,100000
102340,ST_DATA_OUT_BUNDLE - EDR Count (Daily),ST_DATA_OUT_BUNDLE - EDR Count (Daily),7,100000,100000
102341,ST_DATA_OUT_BUNDLE - EDR Value,ST_DATA_OUT_BUNDLE - EDR Value,7,100000,100000
102342,ST_DATA_OUT_BUNDLE - EDR Value (Daily),ST_DATA_OUT_BUNDLE - EDR Value (Daily),7,100000,100000
102343,ST_MMS_IN_BUNDLE - EDR Bytes,ST_MMS_IN_BUNDLE - EDR Bytes,7,100000,100000
102344,ST_MMS_IN_BUNDLE - EDR Bytes (Daily),ST_MMS_IN_BUNDLE - EDR Bytes (Daily),7,100000,100000
102345,ST_MMS_IN_BUNDLE - EDR Count,ST_MMS_IN_BUNDLE - EDR Count,7,100000,100000
102346,ST_MMS_IN_BUNDLE - EDR Count (Daily),ST_MMS_IN_BUNDLE - EDR Count (Daily),7,100000,100000
102347,ST_MMS_IN_BUNDLE - EDR Value,ST_MMS_IN_BUNDLE - EDR Value,7,100000,100000
102348,ST_MMS_IN_BUNDLE - EDR Value (Daily) ,ST_MMS_IN_BUNDLE - EDR Value (Daily) ,7,100000,100000
102349,ST_MMS_OUT_BUNDLE - EDR Bytes,ST_MMS_OUT_BUNDLE - EDR Bytes,7,100000,100000
102350,ST_MMS_OUT_BUNDLE - EDR Bytes (Daily),ST_MMS_OUT_BUNDLE - EDR Bytes (Daily),7,100000,100000
102351,ST_MMS_OUT_BUNDLE - EDR Count,ST_MMS_OUT_BUNDLE - EDR Count,7,100000,100000
102352,ST_MMS_OUT_BUNDLE - EDR Count (Daily),ST_MMS_OUT_BUNDLE - EDR Count (Daily),7,100000,100000
102353,ST_MMS_OUT_BUNDLE - EDR Value,ST_MMS_OUT_BUNDLE - EDR Value,7,100000,100000
102354,ST_MMS_OUT_BUNDLE - EDR Value (Daily),ST_MMS_OUT_BUNDLE - EDR Value (Daily),7,100000,100000
102355,ST_SMS_IN_BUNDLE - EDR Count,ST_SMS_IN_BUNDLE - EDR Count,7,100000,100000
102356,ST_SMS_IN_BUNDLE - EDR Count (Daily),ST_SMS_IN_BUNDLE - EDR Count (Daily),7,100000,100000
102357,ST_SMS_IN_BUNDLE - EDR Value,ST_SMS_IN_BUNDLE - EDR Value,7,100000,100000
102358,ST_SMS_IN_BUNDLE - EDR Value (Daily),ST_SMS_IN_BUNDLE - EDR Value (Daily),7,100000,100000
102359,ST_SMS_OUT_BUNDLE - EDR Count,ST_SMS_OUT_BUNDLE - EDR Count,7,100000,100000
102360,ST_SMS_OUT_BUNDLE - EDR Count (Daily),ST_SMS_OUT_BUNDLE - EDR Count (Daily),7,100000,100000
102361,ST_SMS_OUT_BUNDLE - EDR Value,ST_SMS_OUT_BUNDLE - EDR Value,7,100000,100000
102362,ST_SMS_OUT_BUNDLE - EDR Value (Daily),ST_SMS_OUT_BUNDLE - EDR Value (Daily),7,100000,100000
102401,ST_DATA_PARTNERS - EDR Value,ST_DATA_PARTNERS - EDR Value,7,100000,100000
102402,ST_DATA_PARTNERS - EDR Value (Daily),ST_DATA_PARTNERS - EDR Value (Daily),7,100000,100000
102403,ST_DISCARDED - EDR Value,ST_DISCARDED - EDR Value (Absolute),7,100000,100000
102404,ST_DISCARDED - EDR Value (Daily),ST_DISCARDED - EDR Value (Daily) (Absolute),7,100000,100000
102405,ST_SUSPENSE - EDR Value,ST_SUSPENSE - EDR Value,7,100000,100000
102406,ST_SUSPENSE - EDR Value (Daily),ST_SUSPENSE - EDR Value (Daily),7,100000,100000
102407,ST_VOICE_AGED - EDR Duration,ST_VOICE_AGED - EDR Duration,7,100000,100000
102408,ST_VOICE_AGED - EDR Duration (Daily),ST_VOICE_AGED - EDR Duration (Daily),7,100000,100000
102409,ST_VOICE_AGED - EDR Value,ST_VOICE_AGED - EDR Value,7,100000,100000
102410,ST_VOICE_AGED - EDR Value (Daily),ST_VOICE_AGED - EDR Value (Daily),7,100000,100000
102411,ST_VOICE_DISCARDED - EDR Value,ST_VOICE_DISCARDED - EDR Value (Absolute),7,100000,100000
102412,ST_VOICE_DISCARDED - EDR Value (Daily),ST_VOICE_DISCARDED - EDR Value (Daily) (Absolute),7,100000,100000
102413,ST_VOICE_EXPIRING - EDR Duration,ST_VOICE_EXPIRING - EDR Duration,7,100000,100000
102414,ST_VOICE_EXPIRING - EDR Duration (Daily),ST_VOICE_EXPIRING - EDR Duration (Daily),7,100000,100000
102415,ST_VOICE_EXPIRING - EDR Value,ST_VOICE_EXPIRING - EDR Value,7,100000,100000
102416,ST_VOICE_EXPIRING - EDR Value (Daily),ST_VOICE_EXPIRING - EDR Value (Daily),7,100000,100000
102417,ST_VOICE_INTL_FREE - EDR Value,ST_VOICE_INTL_FREE - EDR Value,7,100000,100000
102418,ST_VOICE_INTL_FREE - EDR Value (Daily),ST_VOICE_INTL_FREE - EDR Value (Daily),7,100000,100000
102419,ST_VOICE_PARTNERS - EDR Value,ST_VOICE_PARTNERS - EDR Value,7,100000,100000
102420,ST_VOICE_PARTNERS - EDR Value (Daily),ST_VOICE_PARTNERS - EDR Value (Daily),7,100000,100000
102421,ST_VOICE_SUSPENSE - EDR Value,ST_VOICE_SUSPENSE - EDR Value,7,100000,100000
102422,ST_VOICE_SUSPENSE - EDR Value (Daily),ST_VOICE_SUSPENSE - EDR Value (Daily),7,100000,100000
102451,ST_DISCARDED - EDR Duration,ST_DISCARDED - EDR Duration,7,100000,100000
102452,ST_DISCARDED - EDR Duration (Daily),ST_DISCARDED - EDR Duration (Daily),7,100000,100000
102453,ST_SUSPENSE - EDR Duration,ST_SUSPENSE - EDR Duration,7,100000,100000
102454,ST_SUSPENSE - EDR Duration (Daily),ST_SUSPENSE - EDR Duration (Daily),7,100000,100000
102455,ST_VOICE_DISCARDED - EDR Duration,ST_VOICE_DISCARDED - EDR Duration,7,100000,100000
102456,ST_VOICE_DISCARDED - EDR Duration (Daily),ST_VOICE_DISCARDED - EDR Duration (Daily),7,100000,100000
102501,ST_ALL - EDR Bytes (Daily),ST_ALL - EDR Bytes (Daily),7,100000,100000
102502,ST_ALL - EDR Count (Daily),ST_ALL - EDR Count (Daily),7,100000,100000
102503,ST_ALL - EDR Value (Daily),ST_ALL - EDR Value (Daily),7,100000,100000
102504,ST_DATA - EDR Bytes,ST_DATA - EDR Bytes,7,100000,100000
102505,ST_DATA - EDR Bytes (Daily),ST_DATA - EDR Bytes (Daily),7,100000,100000
102506,ST_DATA - EDR Count,ST_DATA - EDR Count,7,100000,100000
102507,ST_DATA - EDR Count (Daily),ST_DATA - EDR Count (Daily),7,100000,100000
102508,ST_DATA - EDR Value,ST_DATA - EDR Value,7,100000,100000
102509,ST_DATA - EDR Value (Daily),ST_DATA - EDR Value (Daily),7,100000,100000
102510,ST_DATA_2G - EDR Bytes (Daily),ST_DATA_2G - EDR Bytes (Daily),7,100000,100000
102511,ST_DATA_2G - EDR Count (Daily),ST_DATA_2G - EDR Count (Daily),7,100000,100000
102512,ST_DATA_2G - EDR Value (Daily),ST_DATA_2G - EDR Value (Daily),7,100000,100000
102513,ST_DATA_3G - EDR Bytes (Daily),ST_DATA_3G - EDR Bytes (Daily),7,100000,100000
102514,ST_DATA_3G - EDR Count (Daily),ST_DATA_3G - EDR Count (Daily),7,100000,100000
102515,ST_DATA_3G - EDR Value (Daily),ST_DATA_3G - EDR Value (Daily),7,100000,100000
102516,ST_DATA_4G - EDR Bytes (Daily),ST_DATA_4G - EDR Bytes (Daily),7,100000,100000
102517,ST_DATA_4G - EDR Count (Daily),ST_DATA_4G - EDR Count (Daily),7,100000,100000
102518,ST_DATA_4G - EDR Value (Daily),ST_DATA_4G - EDR Value (Daily),7,100000,100000
102519,ST_DATA_GPRS - EDR Bytes (Daily),ST_DATA_GPRS - EDR Bytes (Daily),7,100000,100000
102520,ST_DATA_GPRS - EDR Count (Daily),ST_DATA_GPRS - EDR Count (Daily),7,100000,100000
102521,ST_DATA_GPRS - EDR Value (Daily),ST_DATA_GPRS - EDR Value (Daily),7,100000,100000
102522,ST_DATA_GPRS_OUTBOUND_ROAMERS - EDR Value,ST_DATA_GPRS_OUTBOUND_ROAMERS - EDR Value,7,100000,100000
102523,ST_DATA_GPRS_OUTBOUND_ROAMERS - EDR Value (Daily),ST_DATA_GPRS_OUTBOUND_ROAMERS - EDR Value (Daily),7,100000,100000
102524,ST_DATA_GPRS_OUTBOUND_ROAMERS_STRIP - EDR Bytes,ST_DATA_GPRS_OUTBOUND_ROAMERS_STRIP - EDR Bytes,7,100000,100000
102525,ST_DATA_GPRS_OUTBOUND_ROAMERS_STRIP - EDR Bytes (Daily),ST_DATA_GPRS_OUTBOUND_ROAMERS_STRIP - EDR Bytes (Daily),7,100000,100000
102526,ST_DATA_GPRS_OUTBOUND_ROAMERS_STRIP - EDR Count,ST_DATA_GPRS_OUTBOUND_ROAMERS_STRIP - EDR Count,7,100000,100000
102527,ST_DATA_GPRS_OUTBOUND_ROAMERS_STRIP - EDR Count (Daily),ST_DATA_GPRS_OUTBOUND_ROAMERS_STRIP - EDR Count (Daily),7,100000,100000
102528,ST_DATA_GPRS_OUTBOUND_ROAMERS_STRIP - EDR Value,ST_DATA_GPRS_OUTBOUND_ROAMERS_STRIP - EDR Value,7,100000,100000
102529,ST_DATA_GPRS_OUTBOUND_ROAMERS_STRIP - EDR Value (Daily),ST_DATA_GPRS_OUTBOUND_ROAMERS_STRIP - EDR Value (Daily),7,100000,100000
102530,ST_DATA_GPRS_POSTPAID - EDR Bytes (Daily),ST_DATA_GPRS_POSTPAID - EDR Bytes (Daily),7,100000,100000
102531,ST_DATA_GPRS_POSTPAID - EDR Count (Daily),ST_DATA_GPRS_POSTPAID - EDR Count (Daily),7,100000,100000
102532,ST_DATA_GPRS_POSTPAID - EDR Value (Daily),ST_DATA_GPRS_POSTPAID - EDR Value (Daily),7,100000,100000
102533,ST_DATA_STRIP - EDR Bytes,ST_DATA_STRIP - EDR Bytes,7,100000,100000
102534,ST_DATA_STRIP - EDR Bytes (Daily),ST_DATA_STRIP - EDR Bytes (Daily),7,100000,100000
102535,ST_DATA_STRIP - EDR Count,ST_DATA_STRIP - EDR Count,7,100000,100000
102536,ST_DATA_STRIP - EDR Count (Daily),ST_DATA_STRIP - EDR Count (Daily),7,100000,100000
102537,ST_DATA_STRIP - EDR Value,ST_DATA_STRIP - EDR Value,7,100000,100000
102538,ST_DATA_STRIP - EDR Value (Daily),ST_DATA_STRIP - EDR Value (Daily),7,100000,100000
102539,ST_DATA_WAP - EDR Bytes (Daily),ST_DATA_WAP - EDR Bytes (Daily),7,100000,100000
102540,ST_DATA_WAP - EDR Count (Daily),ST_DATA_WAP - EDR Count (Daily),7,100000,100000
102541,ST_DATA_WAP - EDR Value (Daily),ST_DATA_WAP - EDR Value (Daily),7,100000,100000
102542,ST_DATA_WAP_OUTBOUND_ROAMERS - EDR Value,ST_DATA_WAP_OUTBOUND_ROAMERS - EDR Value,7,100000,100000
102543,ST_DATA_WAP_OUTBOUND_ROAMERS - EDR Value (Daily),ST_DATA_WAP_OUTBOUND_ROAMERS - EDR Value (Daily),7,100000,100000
102544,ST_DATA_WAP_OUTBOUND_ROAMERS_STRIP - EDR Bytes,ST_DATA_WAP_OUTBOUND_ROAMERS_STRIP - EDR Bytes,7,100000,100000
102545,ST_DATA_WAP_OUTBOUND_ROAMERS_STRIP - EDR Bytes (Daily),ST_DATA_WAP_OUTBOUND_ROAMERS_STRIP - EDR Bytes (Daily),7,100000,100000
102546,ST_DATA_WAP_OUTBOUND_ROAMERS_STRIP - EDR Count,ST_DATA_WAP_OUTBOUND_ROAMERS_STRIP - EDR Count,7,100000,100000
102547,ST_DATA_WAP_OUTBOUND_ROAMERS_STRIP - EDR Count (Daily),ST_DATA_WAP_OUTBOUND_ROAMERS_STRIP - EDR Count (Daily),7,100000,100000
102548,ST_DATA_WAP_OUTBOUND_ROAMERS_STRIP - EDR Value,ST_DATA_WAP_OUTBOUND_ROAMERS_STRIP - EDR Value,7,100000,100000
102549,ST_DATA_WAP_OUTBOUND_ROAMERS_STRIP - EDR Value (Daily),ST_DATA_WAP_OUTBOUND_ROAMERS_STRIP - EDR Value (Daily),7,100000,100000
102550,ST_DATA_WAP_POSTPAID - EDR Bytes (Daily),ST_DATA_WAP_POSTPAID - EDR Bytes (Daily),7,100000,100000
102551,ST_DATA_WAP_POSTPAID - EDR Count (Daily),ST_DATA_WAP_POSTPAID - EDR Count (Daily),7,100000,100000
102552,ST_DATA_WAP_POSTPAID - EDR Value (Daily),ST_DATA_WAP_POSTPAID - EDR Value (Daily),7,100000,100000
102553,ST_UNIDENT - EDR Bytes (Daily),ST_UNIDENT - EDR Bytes (Daily),7,100000,100000
102554,ST_UNIDENT - EDR Count (Daily),ST_UNIDENT - EDR Count (Daily),7,100000,100000
102555,ST_UNIDENT - EDR Value (Daily),ST_UNIDENT - EDR Value (Daily),7,100000,100000
100810,ST_AGG_SUCCESS - EDR Count (Daily) (Absolute),ST_AGG_SUCCESS - EDR Count (Daily) (Absolute),7,100000,100000
